City_ID,City,Lat,Lng,Max Temp,Humidity,Cloudiness,Wind Speed,Country,Date
0,dunedin,-45.8742,170.5036,10.45,90,100,2.68,NZ,1702410891
1,arteche,12.2645,125.4048,26.01,88,23,4.48,PH,1702410892
2,invercargill,-46.4,168.35,10.33,91,100,6.37,NZ,1702410892
3,kidal,18.4411,1.4078,20.07,21,0,4.93,ML,1702410892
4,ilulissat,69.2167,-51.1,-4.99,74,75,4.63,GL,1702410892
5,nouadhibou,20.931,-17.0347,22.99,31,99,2.06,MR,1702410892
6,trincomalee,8.5711,81.2335,26.73,76,100,6.45,LK,1702410828
7,tyukhtet,56.5389,89.3011,-38.06,100,55,1.53,RU,1702410892
8,kapa'a,22.0752,-159.319,24.5,86,100,2.06,US,1702410892
9,isafjordur,66.0755,-23.124,-0.12,87,100,6.21,IS,1702410893
10,taltal,-25.4,-70.4833,21.29,65,28,3.83,CL,1702410893
11,bamboo flat,11.7,92.7167,28.05,83,20,1.03,IN,1702410893
12,waitangi,-43.9535,-176.5597,12.12,83,65,1.34,NZ,1702410893
13,mar del plata,-38.0023,-57.5575,31.02,74,75,8.49,AR,1702410455
14,ivdel',60.6911,60.4206,-18.78,84,100,1.79,RU,1702410893
15,mirnyy,62.5353,113.9611,-28.57,95,100,3.98,RU,1702410893
16,mitu,1.1983,-70.1733,31.49,59,60,0.95,CO,1702410893
17,mogadishu,2.0371,45.3438,27.4,82,98,6.09,SO,1702410893
18,pedernales,18.0384,-71.744,30.22,54,7,3.2,DO,1702410894
19,blackmans bay,-43.0167,147.3167,13.62,83,97,1.81,AU,1702410894
20,byron bay,-28.65,153.6167,21.22,77,100,0.92,AU,1702410894
21,port mathurin,-19.6833,63.4167,26.35,77,62,5.3,MU,1702410894
22,grytviken,-54.2811,-36.5092,5.68,94,100,5.15,GS,1702410894
23,mocimboa,-11.3167,40.35,25.39,90,29,2.14,MZ,1702410894
24,kukawa,12.9234,13.5606,20.05,39,24,3.38,NG,1702410894
25,bangui,4.3612,18.555,21.1,78,100,2.57,CF,1702410894
26,liwale,-9.7667,37.9333,22.32,95,93,1.33,TZ,1702410895
27,ghat,24.9647,10.1728,15.54,23,0,1.16,LY,1702410895
28,antalaha,-14.9003,50.2788,24.25,89,69,2.51,MG,1702410895
29,longyearbyen,78.2186,15.6401,-9.09,62,40,5.66,SJ,1702410895
30,chinde,26.8418,88.0763,10.38,70,64,1.85,NP,1702410895
31,minas de marcona,-15.2119,-75.1103,21.07,59,32,5.75,PE,1702410895
32,sisimiut,66.9395,-53.6735,-7.44,92,100,6.15,GL,1702410895
33,tofol,5.3248,163.0078,28.2,78,86,6.68,FM,1702410895
34,toliara,-23.35,43.6667,25.49,74,93,3.28,MG,1702410895
35,axim,4.8699,-2.2405,27.23,79,5,2.27,GH,1702410896
36,iskateley,67.6803,53.1512,-13.88,96,88,4.02,RU,1702410896
37,chibougamau,49.9168,-74.3659,-6.21,86,100,4.12,CA,1702410896
38,frontera,26.9333,-101.45,16.61,52,78,1.34,MX,1702410896
39,morondava,-20.2833,44.2833,27.74,74,55,1.97,MG,1702410896
40,viedma,-40.8135,-62.9967,21.58,37,94,7.22,AR,1702410896
41,cheremukhovo,60.3484,59.9851,-19.46,81,100,2.68,RU,1702410896
42,adamstown,-25.066,-130.1015,21.05,90,100,4.15,PN,1702410896
43,tura,25.5198,90.2201,15.63,85,100,0.87,IN,1702410897
44,west island,-12.1568,96.8225,25.99,78,75,2.57,CC,1702410897
45,umm kaddadah,13.6017,26.6876,19.22,25,63,5.96,SD,1702410897
46,margaret river,-33.95,115.0667,16.05,89,3,2.56,AU,1702410897
47,edinburgh of the seven seas,-37.0676,-12.3116,15.38,95,100,6.34,SH,1702410897
48,wailua homesteads,22.0669,-159.378,23.75,87,100,2.06,US,1702410897
49,kirovskiy,45.0917,133.5136,-22.45,98,71,0.82,RU,1702410897
50,udachny,66.4167,112.4,-23.24,97,100,3.7,RU,1702410897
51,bredasdorp,-34.5322,20.0403,15.04,56,29,2.1,ZA,1702410897
52,dudinka,69.4058,86.1778,-26.88,89,95,8.15,RU,1702410898
53,puerto ayora,-0.7393,-90.3518,30.98,80,63,4.52,EC,1702410898
54,guerrero negro,27.9769,-114.0611,20.39,47,100,1.33,MX,1702410898
55,aripuana,-9.1667,-60.6333,31.03,57,100,0.84,BR,1702410898
56,santa rita,-7.1139,-34.9781,29.37,65,20,7.72,BR,1702410754
57,ayr,55.4627,-4.6339,6.99,87,75,6.17,GB,1702410898
58,port-aux-francais,-49.35,70.2167,5.64,89,73,7.9,TF,1702410898
59,bilibino,68.0546,166.4372,-20.67,95,100,1.67,RU,1702410898
60,papatowai,-46.5619,169.4708,9.87,83,100,4.74,NZ,1702410898
61,arraial do cabo,-22.9661,-42.0278,25.98,69,40,5.66,BR,1702410899
62,fale old settlement,-9.3852,-171.2468,28.75,75,100,4.63,TK,1702410899
63,taoudenni,22.6783,-3.9836,22.11,17,1,5.44,ML,1702410899
64,oxford,51.7522,-1.256,9.09,95,75,5.66,GB,1702410899
65,uacu cungo,-11.3634,15.1208,17.44,97,60,1.21,AO,1702410899
66,bangolo,7.0069,-7.475,26.41,47,96,0.99,CI,1702410791
67,touros,-5.1989,-35.4608,27.93,73,1,6.84,BR,1702410899
68,verkhovazh'ye,60.7472,42.0465,-9.92,90,100,4.73,RU,1702410900
69,carutapera,-1.195,-46.02,28.97,67,3,5.34,BR,1702410900
70,stanley,54.868,-1.6985,6.82,95,75,4.63,GB,1702410900
71,college,64.8569,-147.8028,-14.19,84,100,1.54,US,1702410900
72,burang,30.25,81.1667,-13.07,90,100,2.18,CN,1702410900
73,albany,42.6001,-73.9662,6.36,56,3,0.89,US,1702410837
74,tera,14.0078,0.7531,22.18,18,0,4.78,NE,1702410900
75,gannan,47.9147,123.5031,-27.51,95,5,1.75,CN,1702410900
76,upata,8.0086,-62.3989,31.22,42,64,1.98,VE,1702410900
77,lesnoy,57.6198,63.0784,-22.39,84,97,3.86,RU,1702410901
78,charters towers,-20.1,146.2667,23.0,85,86,5.42,AU,1702410901
79,crane,31.3974,-102.3501,14.05,54,100,10.37,US,1702410901
80,labrador city,52.9463,-66.9114,-9.05,79,100,1.54,CA,1702410901
81,talnakh,69.4865,88.3972,-27.11,95,99,4.61,RU,1702410901
82,colonia,50.9333,6.95,11.05,90,0,3.6,DE,1702410679
83,ribeira grande,38.5167,-28.7,14.87,58,20,4.47,PT,1702410901
84,tazovsky,67.4667,78.7,-22.61,93,100,4.16,RU,1702410901
85,kingston,17.997,-76.7936,30.53,70,20,8.23,JM,1702410703
86,la passe,45.5549,-0.8967,12.13,85,100,8.58,FR,1702410902
87,bel ombre,-4.6167,55.4167,27.91,78,40,3.6,SC,1702410902
88,kulhudhuffushi,6.6221,73.07,26.73,74,62,0.3,MV,1702410902
89,ometepec,16.6833,-98.4167,32.2,37,1,2.19,MX,1702410903
90,buka,40.8108,69.1986,-19.47,95,6,1.58,UZ,1702410903
91,alburquerque,39.2208,-7.0023,13.38,84,98,3.54,ES,1702410903
92,polyarnyy,69.1989,33.4478,-16.62,100,65,4.77,RU,1702410903
93,carnarvon,-24.8667,113.6333,23.0,75,0,5.37,AU,1702410903
94,iqaluit,63.7506,-68.5145,-13.15,72,75,7.72,CA,1702410903
95,vorkuta,67.5,64.0,-17.32,95,100,5.45,RU,1702410904
96,sirjan,29.452,55.6814,11.04,24,100,3.87,IR,1702410904
97,comayagua,14.45,-87.6333,24.28,77,87,3.71,HN,1702410904
98,vilyuchinsk,52.9306,158.4028,-11.71,83,100,2.18,RU,1702410904
99,suva,-18.1416,178.4415,22.71,94,75,1.54,FJ,1702410904
100,susuman,62.7833,148.1667,-30.97,98,72,1.72,RU,1702410904
101,happy valley-goose bay,53.3168,-60.3315,-2.83,80,100,3.09,CA,1702410904
102,qaqortoq,60.7167,-46.0333,-0.47,97,100,3.03,GL,1702410905
103,vila velha,-20.3297,-40.2925,25.97,89,75,5.14,BR,1702410683
104,hermanus,-34.4187,19.2345,15.26,64,13,3.92,ZA,1702410905
105,ushuaia,-54.8,-68.3,11.81,43,0,6.17,AR,1702410885
106,usinsk,65.9939,57.5281,-16.07,95,100,8.49,RU,1702410905
107,nar'yan-mar,67.6713,53.087,-13.83,96,88,4.02,RU,1702410905
108,puerto baquerizo moreno,-0.9,-89.6,28.55,70,75,6.17,EC,1702410740
109,dubovskoye,47.4092,42.7575,-4.93,79,100,10.47,RU,1702410906
110,enewetak,11.3474,162.3373,27.61,80,79,9.7,MH,1702410906
111,ust-nera,64.5667,143.2,-23.39,99,100,3.47,RU,1702410906
112,klyuchi,52.2667,79.1667,-25.64,82,10,4.18,RU,1702410906
113,karratha,-20.7377,116.8463,25.46,63,3,6.24,AU,1702410906
114,sibolga,1.7427,98.7792,24.67,90,100,0.94,ID,1702410907
115,puerto natales,-51.7236,-72.4875,13.25,47,75,16.98,CL,1702410907
116,ola,59.5833,151.2833,-8.42,85,100,2.72,RU,1702410907
117,tiksi,71.6872,128.8694,-20.99,99,100,5.26,RU,1702410907
118,ambon,-3.6954,128.1814,25.08,94,40,1.03,ID,1702410907
119,yellowknife,62.456,-114.3525,-11.99,98,100,7.72,CA,1702410908
120,zuni pueblo,35.0725,-108.8506,8.35,20,100,4.8,US,1702410908
121,constantia,44.1833,28.65,4.38,84,18,4.84,RO,1702410908
122,thompson,55.7435,-97.8558,-15.91,66,40,5.66,CA,1702410908
123,maceio,-9.6658,-35.7353,28.69,69,20,5.66,BR,1702410908
124,mermoz boabab,14.7065,-17.4758,25.31,73,0,2.06,SN,1702410908
125,souillac,-20.5167,57.5167,25.21,94,75,1.54,MU,1702410908
126,karlskrona,56.1616,15.5866,-0.75,89,18,3.24,SE,1702410909
127,badger,64.8,-147.5333,-14.24,85,100,1.54,US,1702410909
128,mazabuka,-15.856,27.748,20.11,89,100,1.27,ZM,1702410909
129,pimentel,-6.8367,-79.9342,26.16,57,0,8.75,PE,1702410909
130,namibe,-15.1961,12.1522,23.57,73,86,1.24,AO,1702410909
131,kaset wisai,15.6556,103.5836,24.63,77,81,3.45,TH,1702410909
132,meadow lake,34.8014,-106.5436,10.78,33,100,2.02,US,1702410909
133,lashio,22.9333,97.75,14.45,99,26,0.65,MM,1702410910
134,gadzhiyevo,69.2551,33.3362,-17.56,100,81,4.49,RU,1702410910
135,bethel,41.3712,-73.414,6.78,51,0,3.09,US,1702410910
136,yayva,59.3303,57.2641,-21.01,81,100,4.79,RU,1702410910
137,punta arenas,-53.15,-70.9167,12.06,58,75,14.4,CL,1702410724
138,olonkinbyen,70.9221,-8.7187,-2.08,65,43,7.23,SJ,1702410910
139,lata,40.1629,-8.3327,13.37,93,100,2.22,PT,1702410911
140,salinopolis,-0.6136,-47.3561,28.8,74,32,6.88,BR,1702410911
141,kuanda,56.3161,116.0806,-35.89,98,89,0.35,RU,1702410911
142,bubaque,11.2833,-15.8333,27.86,63,20,5.72,GW,1702410911
143,igarka,67.4667,86.5833,-28.92,93,56,6.19,RU,1702410911
144,zakamensk,50.3741,103.2863,-27.39,99,90,0.49,RU,1702410911
145,dawson creek,55.7666,-120.2362,0.8,40,0,3.09,CA,1702410911
146,pingliang,35.5392,106.6861,1.09,96,100,1.67,CN,1702410912
147,kon tum,14.35,108.0,17.37,97,69,1.43,VN,1702410912
148,port alfred,-33.5906,26.891,15.66,95,100,2.07,ZA,1702410912
149,lebu,-37.6167,-73.65,14.17,68,0,9.63,CL,1702410912
150,bari,41.1177,16.8512,14.59,84,0,3.13,IT,1702410912
151,avarua,-21.2078,-159.775,27.03,78,75,7.2,CK,1702410912
152,suntar,62.1444,117.6319,-28.1,94,100,3.81,RU,1702410912
153,medina,24.4686,39.6142,19.24,88,0,1.54,SA,1702410908
154,nova sintra,14.8667,-24.7167,22.37,67,6,4.84,CV,1702410913
155,akdagmadeni,39.6603,35.8836,3.97,82,100,1.84,TR,1702410913
156,namie,37.4833,141.0,6.51,80,0,6.89,JP,1702410913
157,maturin,9.75,-63.1767,29.36,66,46,4.32,VE,1702410913
158,kabwe,-14.4469,28.4464,19.93,89,100,1.66,ZM,1702410913
159,broken hill,-31.95,141.4333,21.79,41,0,0.64,AU,1702410913
160,sovetsk,55.0839,21.8785,0.09,99,100,1.28,RU,1702410914
161,port elizabeth,-33.918,25.5701,15.61,92,75,1.54,ZA,1702410914
162,chilecito,-29.1619,-67.4974,34.65,23,3,8.01,AR,1702410914
163,richards bay,-28.783,32.0377,22.08,79,38,4.68,ZA,1702410914
164,hilo,19.7297,-155.09,26.73,80,75,1.54,US,1702410914
165,verkhnevilyuysk,63.4453,120.3167,-29.73,96,100,3.17,RU,1702410914
166,ketchikan,55.3422,-131.6461,8.26,81,100,10.29,US,1702410915
167,saint-philippe,-21.3585,55.7679,24.77,85,41,4.47,RE,1702410915
168,luwuk,-0.9516,122.7875,26.05,80,98,1.71,ID,1702410915
169,aasiaat,68.7098,-52.8699,-8.53,76,100,1.84,GL,1702410915
170,hawaiian paradise park,19.5933,-154.9731,26.61,87,75,1.54,US,1702410765
171,eilat,29.5581,34.9482,18.91,52,0,1.54,IL,1702410915
172,la plata,-34.9215,-57.9545,33.79,52,0,2.78,AR,1702410915
173,shaowu,27.3409,117.4831,10.21,94,40,0.88,CN,1702410915
174,mili,6.0815,171.735,26.47,87,100,5.06,MH,1702410916
175,tangalle,6.024,80.7911,23.69,94,100,3.22,LK,1702410704
176,nanyang,32.9947,112.5328,2.96,76,94,4.06,CN,1702410916
177,macenta,8.5435,-9.471,21.67,46,29,1.48,GN,1702410916
178,rio grande,-32.035,-52.0986,29.06,76,0,8.85,BR,1702410451
179,manay,7.215,126.5397,24.86,83,92,3.92,PH,1702410916
180,alofi,-19.0595,-169.9187,24.94,88,75,1.03,NU,1702410916
181,afaahiti,-17.75,-149.2833,28.93,84,89,9.27,PF,1702410917
182,sitka,57.0531,-135.33,6.94,76,100,10.8,US,1702410917
183,al qusiyah,27.4402,30.8184,15.15,51,0,4.07,EG,1702410917
184,tsiombe,-25.3,45.4833,23.9,85,100,1.07,MG,1702410917
185,jamestown,42.097,-79.2353,7.77,53,0,8.75,US,1702410742
186,maragogi,-9.0122,-35.2225,27.1,73,35,4.64,BR,1702410650
187,usogorsk,63.4106,48.6872,-12.96,93,100,3.97,RU,1702410918
188,hasaki,35.7333,140.8333,9.05,61,80,11.91,JP,1702410918
189,shingu,33.7333,135.9833,8.65,78,0,3.05,JP,1702410918
190,anadyr,64.75,177.4833,-25.56,83,0,7.0,RU,1702410918
191,upper dir,35.2058,71.8756,4.43,42,2,2.69,PK,1702410918
192,abu jibeha,11.4562,31.2285,24.92,16,7,4.71,SD,1702410918
193,waddan,29.1614,16.139,15.4,36,0,1.88,LY,1702410918
194,rongelap,11.1635,166.8941,27.35,74,94,10.15,MH,1702410919
195,payakumbuh,-0.2202,100.6308,21.16,98,100,1.13,ID,1702410919
196,la foa,-21.7108,165.8276,24.17,67,15,2.76,NC,1702410919
197,atafu village,-8.5421,-172.5159,28.97,75,100,7.14,TK,1702410919
198,georgetown,5.4112,100.3354,24.96,97,20,0.51,MY,1702410919
199,thongwa,16.7619,96.5278,26.09,80,0,2.18,MM,1702410919
200,adrar,20.5022,-10.0711,20.88,19,58,4.6,MR,1702410919
201,yeniseysk,58.4497,92.1703,-33.36,99,28,1.34,RU,1702410920
202,vorgashor,67.5833,63.95,-17.65,95,100,5.44,RU,1702410920
203,lom sak,16.7798,101.2422,22.65,70,33,1.91,TH,1702410920
204,tomatlan,19.9333,-105.25,33.3,34,99,2.85,MX,1702410920
205,maubin,16.7333,95.65,23.01,92,4,1.93,MM,1702410920
206,bonthe,7.5264,-12.505,27.46,77,9,3.47,SL,1702410920
207,tumut,-35.3,148.2167,21.5,76,92,1.21,AU,1702410920
208,keflavik,64.0049,-22.5624,3.24,93,100,8.23,IS,1702410687
209,long beach,33.767,-118.1892,21.65,69,0,1.79,US,1702410674
210,cabo san lucas,22.8909,-109.9124,28.67,55,84,1.11,MX,1702410921
211,olyokminsk,60.3736,120.4264,-28.24,92,100,3.14,RU,1702410921
212,xindian,36.7975,118.2944,-2.84,84,69,2.61,CN,1702410921
213,la mira tumbiscatio,18.6833,-102.2833,29.94,35,41,1.73,MX,1702410921
214,uturoa,-16.7333,-151.4333,26.72,80,73,8.42,PF,1702410921
215,loiza,18.4313,-65.8802,28.98,76,75,8.75,PR,1702410922
216,malanje,-9.5402,16.341,18.18,97,86,1.46,AO,1702410922
217,metlili chaamba,32.2667,3.6333,20.52,23,0,2.57,DZ,1702410922
218,al kharijah,25.4514,30.5464,14.53,54,0,2.97,EG,1702410922
219,ad dabbah,18.05,30.95,18.26,33,44,5.82,SD,1702410922
220,syas'stroy,60.1367,32.5691,-4.34,94,100,4.41,RU,1702410922
221,choibalsan,48.0667,114.5,-31.32,100,20,1.53,MN,1702410922
222,nikel,69.4128,30.222,-16.9,100,93,2.82,RU,1702410922
223,tinogasta,-28.0632,-67.5649,35.46,23,0,6.23,AR,1702410923
224,fairmount,43.0473,-76.2385,7.86,55,20,8.23,US,1702410923
225,hadibu,12.65,54.0333,24.41,73,95,3.75,YE,1702410923
226,floro,61.5996,5.0328,5.54,87,75,6.69,NO,1702410923
227,aras-asan,8.8908,126.3033,26.14,84,88,3.42,PH,1702410923
228,marka,1.7159,44.7717,27.03,82,100,5.42,SO,1702410923
229,prince rupert,54.3161,-130.3201,9.05,75,100,20.06,CA,1702410923
230,sinabang,2.4803,96.3801,25.69,86,100,2.24,ID,1702410923
231,hamilton,39.1834,-84.5333,11.32,47,0,5.14,US,1702410746
232,skelleftea,64.7507,20.9528,-9.8,100,100,3.6,SE,1702410924
233,kruisfontein,-34.0033,24.7314,14.38,87,100,1.18,ZA,1702410924
234,tolanaro,-25.0319,46.9987,27.04,83,20,6.17,MG,1702410924
235,hirara,24.8,125.2833,21.15,78,100,7.72,JP,1702410924
236,vitoria da conquista,-14.8661,-40.8394,26.47,46,100,4.57,BR,1702410807
237,cestos city,5.46,-9.5828,27.28,78,97,3.06,LR,1702410924
238,jayapura,-2.5333,140.7,25.66,91,100,1.58,ID,1702410862
239,beyneu,45.3167,55.2,-6.74,70,100,11.95,KZ,1702410925
240,el granada,37.5027,-122.4694,17.7,79,0,7.2,US,1702410806
241,kodiak,57.79,-152.4072,-6.27,73,0,4.12,US,1702410925
242,sinop,41.7711,34.8709,6.78,98,100,1.67,TR,1702410925
243,sola,-13.8833,167.55,25.68,60,85,6.96,VU,1702410925
244,lihue,21.9789,-159.3672,24.09,87,100,2.06,US,1702410925
245,pariaman,-0.619,100.12,25.03,88,99,1.54,ID,1702410925
246,la'ie,21.6477,-157.9253,27.98,72,2,2.68,US,1702410925
247,praia da vitoria,38.7333,-27.0667,14.31,82,40,7.85,PT,1702410926
248,soto la marina,23.7667,-98.2167,18.65,64,100,0.6,MX,1702410926
249,north myrtle beach,33.816,-78.68,13.39,52,0,1.54,US,1702410854
250,elko,41.0002,-115.5012,3.42,78,95,2.68,US,1702410926
251,mingguang,32.7802,117.9638,2.16,87,11,3.51,CN,1702410926
252,kavaratti,10.5669,72.642,27.95,72,8,1.69,IN,1702410926
253,marrakesh,31.6315,-8.0083,19.04,42,0,3.09,MA,1702410737
254,cifteler,39.3831,31.0392,4.64,84,49,3.2,TR,1702410927
255,santa cruz,-17.8,-63.1667,36.7,38,40,7.2,BO,1702410713
256,chonchi,-42.6128,-73.8092,15.56,60,83,1.49,CL,1702410927
257,sambava,-14.2667,50.1667,26.5,81,100,3.96,MG,1702410927
258,severo-yeniseyskiy,60.3725,93.0408,-39.12,100,60,0.45,RU,1702410927
259,cadale,2.7603,46.3222,27.35,77,80,7.01,SO,1702410928
260,binzhou,37.3667,118.0167,-2.13,85,97,2.58,CN,1702410929
261,kuala terengganu,5.3302,103.1408,24.97,100,40,0.0,MY,1702410929
262,general jose de san martin,-26.5374,-59.3416,34.09,51,21,4.01,AR,1702410929
263,port augusta,-32.5,137.7667,20.95,43,14,3.23,AU,1702410929
264,kerikeri,-35.2268,173.9474,16.06,79,100,4.12,NZ,1702410929
265,am timan,11.0297,20.2827,24.95,21,36,3.31,TD,1702410929
266,gizo,-8.103,156.8419,27.12,76,70,1.61,SB,1702410930
267,haiku-pauwela,20.9219,-156.3051,24.54,77,40,5.66,US,1702410930
268,saldanha,-33.0117,17.9442,15.03,69,0,12.51,ZA,1702410930
269,labasa,-16.4167,179.3833,26.45,66,52,0.91,FJ,1702410931
270,east london,-33.0153,27.9116,17.26,84,100,2.44,ZA,1702410931
271,midvagur,62.0511,-7.1939,3.46,87,100,4.63,FO,1702410931
272,sikasso,10.9167,-7.0,25.27,17,4,2.18,ML,1702410931
273,new norfolk,-42.7826,147.0587,14.28,66,96,0.76,AU,1702410931
274,laguna,38.421,-121.4238,15.72,65,0,2.57,US,1702410931
275,mangalia,43.8,28.5833,5.93,82,3,4.25,RO,1702410932
276,muromtsevo,56.3724,75.2418,-27.59,93,100,2.53,RU,1702410932
277,pisco,-13.7,-76.2167,24.03,64,24,2.57,PE,1702410856
278,sao vicente,-23.9631,-46.3919,28.1,51,75,2.24,BR,1702410754
279,preobrazheniye,42.9019,133.9064,-8.69,38,9,3.62,RU,1702410932
280,fortuna,40.5982,-124.1573,9.19,100,100,0.0,US,1702410932
281,fort mcmurray,56.7268,-111.381,-8.23,73,0,3.09,CA,1702410932
282,lorengau,-2.0226,147.2712,26.99,83,100,4.71,PG,1702410933
283,cidreira,-30.1811,-50.2056,23.03,79,0,9.17,BR,1702410933
284,birao,10.2849,22.7882,25.28,15,80,4.04,CF,1702410933
285,tirebolu,41.0069,38.8139,12.27,95,100,1.07,TR,1702410933
286,kabalo,-6.05,26.9167,21.48,96,100,1.68,CD,1702410933
287,kailua-kona,19.6406,-155.9956,27.0,69,20,3.09,US,1702410933
288,darab,28.7519,54.5444,13.89,27,100,0.93,IR,1702410933
289,nyurba,63.2842,118.3319,-28.07,97,100,3.18,RU,1702410934
290,ha'il,27.5219,41.6907,14.01,94,75,2.06,SA,1702410934
291,port macquarie,-31.4333,152.9167,21.05,87,15,2.83,AU,1702410934
292,san julian,21.0167,-102.1667,16.49,41,100,1.17,MX,1702410934
293,sao felix do xingu,-6.6447,-51.995,25.43,93,99,0.87,BR,1702410934
294,pacific,38.482,-90.7415,12.96,53,75,0.45,US,1702410934
295,kashgar,39.4547,75.9797,7.56,13,40,11.0,CN,1702410934
296,hobyo,5.3505,48.5268,26.24,74,75,6.11,SO,1702410935
297,bungu,-7.6337,39.0582,23.26,94,17,1.33,TZ,1702410935
298,nadym,65.5333,72.5167,-17.0,94,100,5.84,RU,1702410935
299,valdosta,30.8327,-83.2785,15.95,47,0,3.09,US,1702410769
300,holualoa,19.6228,-155.9522,24.93,69,20,3.09,US,1702410935
301,okha,53.5739,142.9478,-21.4,91,73,9.57,RU,1702410935
302,midelt,32.6852,-4.7451,14.25,42,59,5.58,MA,1702410935
303,ulsteinvik,62.3432,5.8487,1.15,76,82,4.02,NO,1702410936
304,howrah,22.5892,88.3103,17.0,82,0,0.0,IN,1702410936
305,yamba,-5.9,22.3,21.64,98,52,0.18,CD,1702410936
306,kayangel,8.0823,134.7173,28.54,77,86,8.48,PW,1702410936
307,katsuura,35.1333,140.3,11.06,74,79,9.38,JP,1702410936
308,shibirghan,36.6676,65.7529,2.11,43,73,3.05,AF,1702410936
309,bukama,-9.2,25.85,22.14,91,100,0.38,CD,1702410936
310,waterford,42.7023,-83.4027,6.33,51,20,8.75,US,1702410937
311,darwin,-12.4611,130.8418,25.99,89,40,3.09,AU,1702410809
312,banting,2.8167,101.5,27.14,96,100,1.21,MY,1702410937
313,namtsy,62.7161,129.6658,-31.58,93,100,3.88,RU,1702410937
314,makarska,43.2969,17.0178,11.89,92,100,5.92,HR,1702410937
315,alice springs,-23.7,133.8833,16.75,67,0,1.03,AU,1702410937
316,estevan,49.1334,-102.9842,-3.77,74,40,5.14,CA,1702410759
317,anan,33.9167,134.65,11.88,71,78,9.75,JP,1702410938
318,van wert,40.8695,-84.5841,8.53,54,0,5.66,US,1702410938
319,novo aripuana,-5.1206,-60.3797,32.92,50,97,2.14,BR,1702410938
320,agbor,6.2518,6.1934,24.97,39,5,1.72,NG,1702410938
321,bhanvad,21.9264,69.7736,19.93,45,41,2.77,IN,1702410938
322,makurazaki,31.2667,130.3167,13.68,79,0,3.67,JP,1702410938
323,abancay,-13.6339,-72.8814,23.93,52,100,3.12,PE,1702410844
324,zdvinsk,54.7021,78.661,-33.08,98,67,1.83,RU,1702410938
325,issoudun,47.0,1.8333,11.36,93,100,6.69,FR,1702410939
326,anton lizardo,19.05,-95.9833,24.56,73,91,4.39,MX,1702410939
327,ust'-ilimsk,58.0006,102.6619,-33.09,100,99,1.24,RU,1702410939
328,tual,-5.6667,132.75,28.6,79,100,6.82,ID,1702410850
329,formosa do rio preto,-11.0483,-45.1931,31.87,31,93,2.02,BR,1702410939
330,eyl,7.9803,49.8164,25.24,72,57,6.68,SO,1702410939
331,neiafu,-18.65,-173.9833,25.38,78,20,0.0,TO,1702410940
332,las tablas,7.7667,-80.2833,29.79,75,61,6.05,PA,1702410940
333,qamdo,31.1667,97.2333,-10.18,59,14,3.17,CN,1702410940
334,namdrik,5.5994,168.1028,28.29,79,96,8.97,MH,1702410940
335,utrik,11.2278,169.8474,26.64,80,100,9.34,MH,1702410940
336,vryburg,-26.9566,24.7284,25.18,18,0,3.99,ZA,1702410940
337,san pedro,14.35,121.0167,26.84,86,75,1.79,PH,1702410940
338,whitehorse,60.7161,-135.0538,2.43,75,100,10.29,CA,1702410941
339,basco,20.4487,121.9702,25.88,74,1,9.78,PH,1702410941
340,port lincoln,-34.7333,135.8667,17.19,73,29,6.0,AU,1702410941
341,presidente epitacio,-21.7633,-52.1156,36.13,27,7,3.18,BR,1702410718
342,groningen,53.25,6.75,7.3,97,75,3.6,NL,1702410850
343,chinhoyi,-17.3667,30.2,21.31,83,100,1.25,ZW,1702410941
344,vernon,50.2581,-119.2691,2.34,69,63,1.34,CA,1702410878
345,selfoss,63.9331,-20.9971,-1.64,96,100,3.88,IS,1702410941
346,tartouss,34.889,35.8866,16.73,68,29,1.25,SY,1702410942
347,okhotsk,59.3833,143.3,-14.98,98,100,5.79,RU,1702410942
348,inirida,3.8653,-67.9239,31.78,60,94,0.74,CO,1702410942
349,san jose del guaviare,2.5729,-72.6459,29.56,76,27,1.74,CO,1702410942
350,nemuro,43.3236,145.575,-0.57,69,38,10.32,JP,1702410942
351,amol,36.4696,52.3507,10.63,80,100,0.76,IR,1702410942
352,vila franca do campo,37.7167,-25.4333,15.23,74,5,4.97,PT,1702410942
353,sao joao da barra,-21.6403,-41.0511,25.05,77,46,6.96,BR,1702410942
354,natal,-5.795,-35.2094,30.36,62,20,7.2,BR,1702410732
355,hassi messaoud,31.6804,6.0729,18.92,30,0,3.6,DZ,1702410943
356,lodja,-3.4833,23.4333,21.23,99,98,0.28,CD,1702410943
357,road town,18.4167,-64.6167,28.05,69,40,8.23,VG,1702410943
358,jabor,5.921,169.6434,27.85,84,100,10.24,MH,1702410943
359,remire-montjoly,4.9167,-52.2667,29.02,79,75,2.06,GF,1702410943
360,lospalos,-8.5186,127.0025,23.59,91,99,1.23,TL,1702410943
361,shimoda,34.6667,138.95,9.5,84,99,5.83,JP,1702410943
362,palapag,12.5458,125.1147,25.94,89,15,4.33,PH,1702410943
363,altes lager,48.4167,9.55,7.97,98,100,3.03,DE,1702410944
364,muriti,-1.9833,32.9167,23.46,71,100,3.11,TZ,1702410944
365,saint-pierre,-21.3393,55.4781,24.82,73,75,1.54,RE,1702410944
366,san patricio,28.017,-97.5169,22.69,53,100,5.91,US,1702410944
367,puerto supe,-10.8167,-77.75,22.09,76,45,4.78,PE,1702410944
368,zhangjiajie,29.1294,110.4783,7.55,88,100,1.11,CN,1702410785
369,dalandzadgad,43.5708,104.425,-10.61,79,18,2.67,MN,1702410944
370,kalmunai,7.4167,81.8167,25.55,83,100,3.84,LK,1702410944
371,flin flon,54.7682,-101.865,-16.09,92,75,1.54,CA,1702410945
372,salair,54.2312,85.7972,-33.04,100,80,1.2,RU,1702410945
373,kastsyukowka,52.5387,30.9173,3.25,100,100,6.0,BY,1702410945
374,tindouf,27.6711,-8.1474,19.25,26,0,2.06,DZ,1702410945
375,hami,42.8,93.45,-3.86,53,100,4.3,CN,1702410945
376,shenjiamen,29.9576,122.298,10.37,72,100,3.12,CN,1702410945
377,lago da pedra,-4.3333,-45.1667,35.39,35,54,0.99,BR,1702410945
378,canico,32.6333,-16.85,20.4,79,20,2.57,PT,1702410945
379,nagqu,31.5,92.0,-11.72,94,100,0.55,CN,1702410945
380,geraldton,-28.7667,114.6,17.23,63,0,3.09,AU,1702410946
381,antofagasta,-23.65,-70.4,20.6,66,49,5.3,CL,1702410946
382,palikir - national government center,6.9248,158.1611,27.94,81,37,9.01,FM,1702410946
383,brush,40.2589,-103.6238,1.93,80,100,4.12,US,1702410646
384,zhigalovo,54.8097,105.1578,-35.75,100,55,0.27,RU,1702410946
385,sal rei,16.1833,-22.9167,25.11,65,0,5.14,CV,1702410946
386,yuzhno-kurilsk,44.0306,145.8556,0.76,76,35,10.19,RU,1702410946
387,panacan,9.2463,118.4082,26.16,87,47,3.89,PH,1702410946
388,phan rang-thap cham,11.5667,108.9833,23.15,84,13,2.96,VN,1702410947
389,kondagaon,19.6,81.6667,14.54,75,82,0.2,IN,1702410947
390,quesnel,52.9999,-122.5029,0.28,69,75,7.72,CA,1702410947
391,kununurra,-15.7667,128.7333,26.99,83,92,0.0,AU,1702410947
392,fedorovka,53.6314,62.7078,-26.03,91,85,2.46,KZ,1702410947
393,la ronge,55.1001,-105.2842,-11.86,72,75,2.57,CA,1702410947
394,codrington,-38.2667,141.9667,17.69,92,100,2.86,AU,1702410947
395,darya khan marri,26.6775,68.2859,19.48,18,100,2.17,PK,1702410947
396,labytnangi,66.6572,66.4183,-16.66,87,100,3.81,RU,1702410947
397,baise city,23.8997,106.6133,18.08,87,95,1.21,CN,1702410948
398,rockland,41.1668,-74.0496,6.93,53,0,0.89,US,1702410905
399,malango,-2.9627,119.9001,20.67,97,100,0.38,ID,1702410948
400,rio preto da eva,-2.6994,-59.6997,31.54,57,100,2.01,BR,1702410948
401,st. john's,47.5649,-52.7093,3.97,82,75,12.35,CA,1702410948
402,cam ranh,11.9214,109.1591,26.98,74,20,3.6,VN,1702410948
403,wabag,-5.4781,143.7021,12.36,97,100,0.92,PG,1702410948
404,nhamunda,-2.1861,-56.7131,32.99,48,96,1.48,BR,1702410948
405,akrehamn,59.2667,5.1833,3.01,80,0,2.57,NO,1702410949
406,akureyri,65.6835,-18.0878,-3.04,68,0,7.2,IS,1702410853
407,bethanie,-26.4833,17.15,24.41,29,0,5.67,NA,1702410949
408,tenenkou,14.4572,-4.9169,24.83,15,0,4.31,ML,1702410949
409,kirensk,57.7853,108.1119,-31.18,97,100,1.32,RU,1702410949
410,kontiolahti,62.7602,29.8471,-12.03,85,100,2.57,FI,1702410949
411,juan de ayolas,-27.4,-56.9,32.44,60,39,3.11,PY,1702410950
412,irymple,-34.25,142.1667,20.05,80,4,3.59,AU,1702410950
413,kannod,22.6667,76.7333,17.65,48,100,2.51,IN,1702410722
414,kazerun,29.6195,51.6541,15.46,34,92,2.11,IR,1702410950
415,laon,49.5667,3.6667,9.5,87,6,6.28,FR,1702410950
416,baki,-7.6128,110.7839,24.51,82,50,3.01,ID,1702410951
417,kaa-khem,51.6833,94.7333,-37.0,97,98,1.34,RU,1702410951
418,weno,7.4515,151.8468,26.97,94,100,2.57,FM,1702410951
419,youkounkoun,12.5333,-13.1333,28.22,17,1,1.83,GN,1702410951
420,la gi,10.6667,107.7833,23.76,83,68,3.5,VN,1702410951
421,lompoc,34.6391,-120.4579,23.3,54,0,1.79,US,1702410908
422,caleta de carquin,-11.0925,-77.6267,22.82,74,64,4.58,PE,1702410952
423,onega,63.9061,38.1404,-9.03,94,100,3.2,RU,1702410952
424,jianshui,23.6363,102.8264,14.83,98,77,1.45,CN,1702410952
425,glace bay,46.1969,-59.957,1.61,71,40,8.23,CA,1702410952
426,bandarbeyla,9.4942,50.8122,25.32,69,41,8.07,SO,1702410952
427,miquelon,47.0975,-56.3814,3.0,72,99,14.96,PM,1702410952
428,rajgir,25.0333,85.4167,15.1,43,0,2.02,IN,1702410953
429,ugoofaaru,5.6667,73.0,27.11,77,96,3.31,MV,1702410953
430,sao tome,0.3365,6.7273,27.01,81,99,1.58,ST,1702410953
431,ta`u,-14.2336,-169.5144,26.48,88,100,8.87,AS,1702410953
432,port douglas,-16.4833,145.4667,25.68,86,100,4.23,AU,1702410884
433,saudarkrokur,65.7461,-19.6394,-3.54,71,100,7.64,IS,1702410953
434,zwedru,6.0667,-8.1281,25.83,75,100,1.36,LR,1702410954
435,madalena,41.2162,-8.3345,14.06,94,100,2.19,PT,1702410954
436,flying fish cove,-10.4217,105.6791,25.82,88,100,3.09,CX,1702410954
437,marsa alam,25.0757,34.8918,20.66,40,0,9.74,EG,1702410954
438,lycksele,64.5954,18.6735,-7.07,86,100,1.54,SE,1702410954
439,hammerfest,70.6634,23.6821,-7.75,79,0,1.03,NO,1702410954
440,san ignacio de velasco,-16.3667,-60.95,32.62,50,71,2.9,BO,1702410954
441,mount gambier,-37.8333,140.7667,16.4,97,88,1.4,AU,1702410955
442,sandnessjoen,66.0217,12.6316,-3.94,63,0,2.06,NO,1702410689
443,moirang,24.5,93.7667,11.92,97,1,0.47,IN,1702410955
444,pandan,14.0453,124.1694,26.75,85,28,5.42,PH,1702410955
445,longonjo,-12.9067,15.2533,19.11,91,100,0.52,AO,1702410955
446,el calafate,-50.3408,-72.2768,12.28,52,38,7.71,AR,1702410955
447,wynyard,-41.0,145.7167,17.05,69,93,5.92,AU,1702410955
448,luderitz,-26.6481,15.1594,19.1,60,0,11.1,NA,1702410955
449,kristiansund,63.1115,7.732,-1.64,74,0,2.57,NO,1702410955
450,wellington,-41.2866,174.7756,15.31,74,30,4.63,NZ,1702410952
451,parkes,-33.1333,148.1833,24.08,61,94,1.34,AU,1702410956
452,paramirim,-13.4425,-42.2389,31.86,29,89,2.55,BR,1702410824
453,kamina,-8.7386,24.9906,18.65,97,97,1.83,CD,1702410956
454,mont-dore,-22.2833,166.5833,26.67,99,60,4.38,NC,1702410956
455,reggane,26.7158,0.1714,19.27,23,85,2.3,DZ,1702410956
456,port hedland,-20.3167,118.5667,23.03,83,2,3.6,AU,1702410956
457,pekanbaru,0.5333,101.45,24.18,100,20,2.06,ID,1702410887
458,labuan,5.2767,115.2417,26.2,94,20,0.0,MY,1702410956
459,bandar-e genaveh,29.5791,50.517,20.96,66,16,4.57,IR,1702410957
460,curuca,-0.7289,-47.8481,29.76,66,85,4.56,BR,1702410957
461,yeppoon,-23.1333,150.7333,22.88,69,100,6.85,AU,1702410957
462,jacobina,-11.1806,-40.5183,32.51,27,21,4.15,BR,1702410957
463,nova vicosa,-17.8919,-39.3719,27.33,73,89,6.51,BR,1702410957
464,abu tij,27.0441,31.319,15.08,51,0,3.17,EG,1702410957
465,inongo,-1.95,18.2667,22.48,97,100,1.94,CD,1702410957
466,poltavka,54.3663,71.7632,-29.53,94,100,2.57,RU,1702410957
467,necochea,-38.5473,-58.7368,23.62,63,100,5.39,AR,1702410958
468,mgandu,-5.95,34.1333,20.47,73,92,1.55,TZ,1702410958
469,huarmey,-10.0681,-78.1522,23.94,72,99,5.35,PE,1702410958
470,tralee,52.2704,-9.7026,8.87,90,95,8.45,IE,1702410958
471,gaalkacyo,6.7697,47.4308,24.04,72,96,7.83,SO,1702410958
472,papao,-17.75,-149.55,29.82,85,86,9.51,PF,1702410958
473,bathsheba,13.2167,-59.5167,29.34,74,40,7.72,BB,1702410958
474,stephenville,32.2207,-98.2023,17.74,54,0,6.17,US,1702410958
475,tionk essil,12.7856,-16.5217,28.03,67,5,2.92,SN,1702410958
476,ust-kamenogorsk,49.9789,82.6103,-33.04,75,75,0.0,KZ,1702410959
477,kittila,67.6647,24.8936,-23.53,100,96,0.06,FI,1702410959
478,cananea,30.95,-110.3,19.12,13,100,7.08,MX,1702410924
479,port saint john's,-31.6229,29.5448,19.07,83,100,5.72,ZA,1702410959
480,queenstown,-31.8976,26.8753,12.3,85,100,4.0,ZA,1702410959
481,upington,-28.4478,21.2561,29.21,18,0,5.14,ZA,1702410959
482,bartlesville,36.7473,-95.9808,14.5,38,0,2.06,US,1702410685
483,moissala,8.3404,17.7663,24.18,22,95,2.38,TD,1702410959
484,sancraiu de mures,46.5512,24.5266,2.87,93,100,1.54,RO,1702410959
485,danjiangkou,32.5428,111.5086,4.66,81,100,4.52,CN,1702410960
486,bayanhongor,46.7167,100.1167,-16.03,96,100,0.9,MN,1702410939
487,mhamid,29.82,-5.72,17.3,25,0,2.92,MA,1702410960
488,hithadhoo,-0.6,73.0833,27.89,74,22,1.91,MV,1702410960
489,waingapu,-9.6567,120.2641,26.37,85,79,1.52,ID,1702410960
490,jerez de garcia salinas,22.65,-103.0,19.67,37,100,1.64,MX,1702410960
491,freetown,8.484,-13.2299,28.84,79,20,3.09,SL,1702410960
492,saipan,15.1355,145.701,26.39,78,20,5.14,MP,1702410960
493,dzilam gonzalez,21.2833,-88.9333,23.49,62,100,4.36,MX,1702410960
494,hawera,-39.5917,174.2833,15.13,77,45,9.2,NZ,1702410960
495,bereznik,62.8551,42.7072,-9.27,93,100,3.87,RU,1702410961
496,riverton,40.5219,-111.9391,6.14,70,40,4.63,US,1702410961
497,odacho-oda,35.1833,132.5,9.56,72,39,3.57,JP,1702410961
498,rabaul,-4.1967,152.1721,26.47,81,94,2.9,PG,1702410961
499,aitape,-3.1374,142.3475,25.54,90,100,2.65,PG,1702410961
500,daru,-9.0763,143.2092,25.62,90,85,3.99,PG,1702410961
501,korop,51.5664,32.9586,0.58,99,100,3.76,UA,1702410961
502,alexandria,31.2156,29.9553,17.3,69,7,5.46,EG,1702410836
503,parras de la fuente,25.4167,-102.1833,19.43,37,75,0.86,MX,1702410962
504,port shepstone,-30.7414,30.455,19.95,90,100,7.7,ZA,1702410962
505,bom jesus,-9.0744,-44.3586,34.06,29,100,3.75,BR,1702410962
506,nenjiang,49.1833,125.2167,-33.78,100,5,0.19,CN,1702410962
507,qa'en,33.7265,59.1844,6.32,51,100,0.99,IR,1702410962
508,quellon,-43.1167,-73.6167,11.9,68,100,3.03,CL,1702410962
509,sokoni,-6.4333,39.55,27.69,80,10,3.3,TZ,1702410963
510,ust'-ordynskiy,52.805,104.7508,-37.04,100,60,0.04,RU,1702410963
511,zahedan,29.4963,60.8629,5.95,49,0,3.09,IR,1702410963
512,fort bragg,35.139,-79.006,12.58,44,1,0.45,US,1702410963
513,puerto carreno,6.189,-67.4859,34.99,49,20,3.6,CO,1702410963
514,abepura,-2.6333,140.5833,25.45,89,20,1.54,ID,1702410963
515,naze,28.3667,129.4833,17.51,73,57,6.14,JP,1702410963
516,khandyga,62.6667,135.6,-32.82,99,100,0.88,RU,1702410964
517,sawakin,19.1059,37.3321,26.38,75,29,3.59,SD,1702410964
518,vilyuysk,63.7553,121.6247,-31.69,98,98,3.21,RU,1702410964
519,chepo,9.1667,-79.1,31.88,79,67,5.44,PA,1702410964
520,mangrol,21.1167,70.1167,21.5,46,53,3.45,IN,1702410964
521,dalnegorsk,44.5604,135.5701,-14.67,63,0,2.68,RU,1702410964
522,carbonear,47.7332,-53.2148,4.68,78,64,11.66,CA,1702410964
523,bani walid,31.7566,13.9942,17.42,41,0,1.77,LY,1702410965
524,roswell,34.0232,-84.3616,13.87,45,0,0.45,US,1702410856
525,sicuani,-14.2694,-71.2261,15.07,55,100,1.61,PE,1702410965
526,realico,-35.0366,-64.2447,36.36,25,79,3.56,AR,1702410965
527,pass christian,30.3158,-89.2475,17.22,31,0,2.57,US,1702410965
528,greenville,35.6127,-77.3663,11.75,40,0,0.89,US,1702410829
529,sultanah,24.4926,39.5857,19.25,88,0,1.54,SA,1702410965
530,lagoa,39.05,-27.9833,14.91,60,16,7.39,PT,1702410966
531,jala,21.0833,-104.4333,25.91,34,58,1.34,MX,1702410966
532,manakara,-22.1333,48.0167,24.72,90,100,3.04,MG,1702410966
533,petropavlovsk-kamchatsky,53.0452,158.6483,-12.53,77,75,4.0,RU,1702410966
534,kostanay,53.1667,63.5833,-30.84,76,0,3.0,KZ,1702410966
535,maunabo,18.0072,-65.8993,28.88,81,21,8.42,PR,1702410966
536,ridgecrest,35.6225,-117.6709,16.49,22,0,0.89,US,1702410945
537,margate,51.3813,1.3862,8.83,90,92,3.13,GB,1702410967
538,amursk,50.2261,136.8994,-23.34,95,72,2.47,RU,1702410967
539,portales,34.1862,-103.3344,12.41,32,100,6.26,US,1702410967
540,"laikit, laikit ii (dimembe)",1.4792,124.9735,22.47,100,40,0.51,ID,1702410967
541,forbes,-33.3833,148.0167,24.95,49,93,3.51,AU,1702410967
542,lydenburg,-25.0978,30.4597,16.27,91,28,2.5,ZA,1702410967
543,dingzhou,38.5131,114.9956,-1.94,97,100,1.92,CN,1702410967
544,santo estevao,-12.4303,-39.2514,29.02,56,94,5.94,BR,1702410967
545,enriquillo,17.9,-71.2333,31.82,65,6,6.64,DO,1702410968
546,mount isa,-20.7333,139.5,27.87,69,100,0.51,AU,1702410968
547,aldinga beach,-35.2793,138.4604,21.48,61,32,4.04,AU,1702410968
548,ancud,-41.8697,-73.8203,13.09,61,14,5.72,CL,1702410968
549,nikolayevsk-on-amure,53.1406,140.73,-25.2,92,73,3.5,RU,1702410968
550,kencong,-8.2833,113.3667,25.31,89,96,0.59,ID,1702410968
551,broome,42.2506,-75.833,6.05,69,0,5.66,US,1702410968
552,praia,14.9215,-23.5087,26.3,50,14,6.69,CV,1702410740
553,nuuk,64.1835,-51.7216,-5.66,73,100,2.06,GL,1702410969
554,kone,-21.0595,164.8658,25.09,67,40,1.49,NC,1702410969
555,galle,6.0367,80.217,24.54,88,99,1.57,LK,1702410969
556,salihorsk,52.7876,27.5415,0.52,100,100,2.03,BY,1702410969
557,villa gesell,-37.2639,-56.973,26.7,66,17,8.74,AR,1702410969
558,santo amaro da imperatriz,-27.6881,-48.7786,26.9,70,75,2.36,BR,1702410969
559,douz,33.4663,9.0203,17.01,37,46,4.03,TN,1702410969
560,sidi akkacha,36.4647,1.3026,17.16,39,100,3.66,DZ,1702410970
561,san andres,12.5847,-81.7006,30.01,74,20,4.63,CO,1702410970
562,guichon,-32.35,-57.2,32.0,39,0,4.8,UY,1702410970
563,crozet,38.0696,-78.7006,11.37,42,0,0.45,US,1702410970
564,oppdal,62.5943,9.6912,-11.35,89,48,3.69,NO,1702410970
565,njombe,-9.3333,34.7667,14.82,99,29,1.15,TZ,1702410970
566,fisterra,42.9049,-9.2629,13.19,73,85,8.96,ES,1702410970
567,flagstaff,35.1981,-111.6513,10.94,16,0,7.72,US,1702410842
568,mount pearl,47.5166,-52.7813,3.51,82,75,12.35,CA,1702410971
569,pyapon,16.2833,95.6833,23.12,92,5,2.33,MM,1702410971
570,guliston,40.4897,68.7842,-14.24,85,22,1.4,UZ,1702410971
571,corner brook,48.9667,-57.9484,1.09,84,100,7.64,CA,1702410834
572,ingeniero guillermo n. juarez,-23.9,-61.85,41.45,24,94,7.21,AR,1702410971
573,yung shue wan,22.2333,114.1167,22.68,84,100,1.79,HK,1702410971
574,egilsstadir,65.2653,-14.3948,-8.05,79,0,2.57,IS,1702410971
575,zalari,53.5584,102.5065,-35.01,100,55,1.32,RU,1702410971
576,puerto lempira,15.2667,-83.7667,30.08,79,75,3.09,HN,1702410972
577,leava,-14.3,-178.1667,27.21,68,100,4.44,WF,1702410972
578,posto fiscal rolim de moura,-13.0833,-62.2667,34.23,44,98,0.92,BR,1702410972
579,emerald,-23.5333,148.1667,21.3,81,0,5.7,AU,1702410972
580,keningau,5.3378,116.1602,21.78,99,100,0.87,MY,1702410972
581,kunshan,31.3776,120.9543,6.94,68,79,1.8,CN,1702410972
582,sabang,5.8933,95.3214,26.98,77,100,2.99,ID,1702410972
583,mombetsu,44.3525,143.3525,-3.66,67,55,5.72,JP,1702410973
584,san jeronimo de juarez,17.1333,-100.4667,30.47,55,90,2.72,MX,1702410973
585,torghay,49.6339,63.4981,-20.25,69,0,5.67,KZ,1702410973
586,paramonga,-10.6667,-77.8333,22.83,75,58,4.85,PE,1702410973
587,kolonia town,6.964,158.206,28.55,81,37,9.07,FM,1702410973
588,safford,32.834,-109.7076,17.51,15,0,5.66,US,1702410973
589,manjeshvar,12.7,74.8833,26.66,85,59,2.31,IN,1702410973
590,guane,22.2025,-84.0875,25.75,66,100,3.36,CU,1702410974
591,lockwood,45.8191,-108.4149,6.77,70,0,4.63,US,1702410974
592,kemijarvi,66.7131,27.4306,-24.33,100,100,0.68,FI,1702410974
593,sikonge,-5.6333,32.7667,19.21,91,100,1.23,TZ,1702410974
594,dakoro,14.5106,6.765,18.57,25,0,5.37,NE,1702410974
595,beypore,11.1833,75.8167,24.58,94,40,1.54,IN,1702410974
596,quiberon,47.4841,-3.1196,12.26,82,2,5.36,FR,1702410975
